{"lasso_logit": 145.14202189445496, "prob_forest": 1075.600304365158, "prob_xgb": 1469.9285640716553}