{"ols": 21.34444570541382, "lasso": 142.44850039482117, "rf": 209.78948402404785, "gbm": 1051.042439699173, "xgb": 321.36192893981934}