{"ols": 14.672024488449097, "lasso": 219.37868213653564, "rf": 325.81529688835144, "gbm": 1116.751481294632, "xgb": 269.3752028942108}